{
  "project_info": {
    "project_number": "717751255868",
    "firebase_url": "https://third-lore-89513.firebaseio.com",
    "project_id": "third-lore-89513",
    "storage_bucket": "third-lore-89513.appspot.com"
  },
  "client": [
    {
      "client_info": {
        "mobilesdk_app_id": "1:717751255868:android:3b0afff7468cb599",
        "android_client_info": {
          "package_name": "com.selligent.androidsdk"
        }
      },
      "oauth_client": [
        {
          "client_id": "717751255868-7h8cv72cha19cpskktt5uo2bkv7ar02f.apps.googleusercontent.com",
          "client_type": 3
        }
      ],
      "api_key": [
        {
          "current_key": "AIzaSyCOeBNVsYQVfRDRhGKqBL6GgUkfS0m4rL4"
        }
      ],
      "services": {
        "analytics_service": {
          "status": 1
        },
        "appinvite_service": {
          "status": 1,
          "other_platform_oauth_client": []
        },
        "ads_service": {
          "status": 2
        }
      }
    },
    {
      "client_info": {
        "mobilesdk_app_id": "1:717751255868:android:5b6e60ac7c84db85",
        "android_client_info": {
          "package_name": "com.selligent.androidsdktemplate"
        }
      },
      "oauth_client": [
        {
          "client_id": "717751255868-7h8cv72cha19cpskktt5uo2bkv7ar02f.apps.googleusercontent.com",
          "client_type": 3
        }
      ],
      "api_key": [
        {
          "current_key": "AIzaSyCOeBNVsYQVfRDRhGKqBL6GgUkfS0m4rL4"
        }
      ],
      "services": {
        "analytics_service": {
          "status": 1
        },
        "appinvite_service": {
          "status": 1,
          "other_platform_oauth_client": []
        },
        "ads_service": {
          "status": 2
        }
      }
    },
    {
      "client_info": {
        "mobilesdk_app_id": "1:717751255868:android:d9e024e4b6b57932",
        "android_client_info": {
          "package_name": "com.selligent.androidsdktestingapp"
        }
      },
      "oauth_client": [
        {
          "client_id": "717751255868-7h8cv72cha19cpskktt5uo2bkv7ar02f.apps.googleusercontent.com",
          "client_type": 3
        }
      ],
      "api_key": [
        {
          "current_key": "AIzaSyCOeBNVsYQVfRDRhGKqBL6GgUkfS0m4rL4"
        }
      ],
      "services": {
        "analytics_service": {
          "status": 1
        },
        "appinvite_service": {
          "status": 1,
          "other_platform_oauth_client": []
        },
        "ads_service": {
          "status": 2
        }
      }
    },
    {
      "client_info": {
        "mobilesdk_app_id": "1:717751255868:android:cba7db9681f36dcf",
        "android_client_info": {
          "package_name": "com.selligent.androidsdktestingapp.dev"
        }
      },
      "oauth_client": [
        {
          "client_id": "717751255868-7h8cv72cha19cpskktt5uo2bkv7ar02f.apps.googleusercontent.com",
          "client_type": 3
        }
      ],
      "api_key": [
        {
          "current_key": "AIzaSyCOeBNVsYQVfRDRhGKqBL6GgUkfS0m4rL4"
        }
      ],
      "services": {
        "analytics_service": {
          "status": 1
        },
        "appinvite_service": {
          "status": 1,
          "other_platform_oauth_client": []
        },
        "ads_service": {
          "status": 2
        }
      }
    },
    {
      "client_info": {
        "mobilesdk_app_id": "1:717751255868:android:f37a485a9e45bcb3",
        "android_client_info": {
          "package_name": "com.selligent.androidsdktestingapp.partnersEU"
        }
      },
      "oauth_client": [
        {
          "client_id": "717751255868-7h8cv72cha19cpskktt5uo2bkv7ar02f.apps.googleusercontent.com",
          "client_type": 3
        }
      ],
      "api_key": [
        {
          "current_key": "AIzaSyCOeBNVsYQVfRDRhGKqBL6GgUkfS0m4rL4"
        }
      ],
      "services": {
        "analytics_service": {
          "status": 1
        },
        "appinvite_service": {
          "status": 1,
          "other_platform_oauth_client": []
        },
        "ads_service": {
          "status": 2
        }
      }
    },
    {
      "client_info": {
        "mobilesdk_app_id": "1:717751255868:android:6949d33960148d6c",
        "android_client_info": {
          "package_name": "com.selligent.androidsdktestingapp.partnersUS"
        }
      },
      "oauth_client": [
        {
          "client_id": "717751255868-7h8cv72cha19cpskktt5uo2bkv7ar02f.apps.googleusercontent.com",
          "client_type": 3
        }
      ],
      "api_key": [
        {
          "current_key": "AIzaSyCOeBNVsYQVfRDRhGKqBL6GgUkfS0m4rL4"
        }
      ],
      "services": {
        "analytics_service": {
          "status": 1
        },
        "appinvite_service": {
          "status": 1,
          "other_platform_oauth_client": []
        },
        "ads_service": {
          "status": 2
        }
      }
    },
    {
      "client_info": {
        "mobilesdk_app_id": "1:717751255868:android:cc5fcaba87c5d6d4",
        "android_client_info": {
          "package_name": "com.selligent.training"
        }
      },
      "oauth_client": [
        {
          "client_id": "717751255868-7h8cv72cha19cpskktt5uo2bkv7ar02f.apps.googleusercontent.com",
          "client_type": 3
        }
      ],
      "api_key": [
        {
          "current_key": "AIzaSyCOeBNVsYQVfRDRhGKqBL6GgUkfS0m4rL4"
        }
      ],
      "services": {
        "analytics_service": {
          "status": 1
        },
        "appinvite_service": {
          "status": 1,
          "other_platform_oauth_client": []
        },
        "ads_service": {
          "status": 2
        }
      }
    },
    {
      "client_info": {
        "mobilesdk_app_id": "1:717751255868:android:31c62b4a8bb5620d",
        "android_client_info": {
          "package_name": "com.selligent.training.dev"
        }
      },
      "oauth_client": [
        {
          "client_id": "717751255868-7h8cv72cha19cpskktt5uo2bkv7ar02f.apps.googleusercontent.com",
          "client_type": 3
        }
      ],
      "api_key": [
        {
          "current_key": "AIzaSyCOeBNVsYQVfRDRhGKqBL6GgUkfS0m4rL4"
        }
      ],
      "services": {
        "analytics_service": {
          "status": 1
        },
        "appinvite_service": {
          "status": 1,
          "other_platform_oauth_client": []
        },
        "ads_service": {
          "status": 2
        }
      }
    }
  ],
  "configuration_version": "1"
}